<?xml version="1.0" encoding="UTF-8"?>
<beans xmlns="http://www.springframework.org/schema/beans"
  xmlns:xsi="http://www.w3.org/2001/XMLSchema-instance"   xmlns:mvc="http://www.springframework.org/schema/mvc"
  xmlns:context="http://www.springframework.org/schema/context"
  xmlns:aop="http://www.springframework.org/schema/aop" xmlns:tx="http://www.springframework.org/schema/tx"
  xsi:schemaLocation="http://www.springframework.org/schema/beans
    http://www.springframework.org/schema/beans/spring-beans-3.2.xsd
    http://www.springframework.org/schema/mvc
    http://www.springframework.org/schema/mvc/spring-mvc-3.2.xsd
    http://www.springframework.org/schema/context
    http://www.springframework.org/schema/context/spring-context-3.2.xsd
    http://www.springframework.org/schema/aop
    http://www.springframework.org/schema/aop/spring-aop-3.2.xsd
    http://www.springframework.org/schema/tx
    http://www.springframework.org/schema/tx/spring-tx-3.2.xsd">
    
    <context:component-scan base-package="com.kkkwm.dao" />
    <context:component-scan base-package="com.kkkwm.service" />
    
    <!-- 引入配置文件 -->
     
	<bean id="propertyConfigurer" class="org.springframework.beans.factory.config.PropertyPlaceholderConfigurer">
    	<property name="location" value="classpath:jdbc.properties" />
	</bean>
	 
 
    <!--第一步： 配置数据源 -->
    <!-- 加载db.properties文件中的内容,db.properties文件中的key名要有一定的特殊性 -->
    <context:property-placeholder location="classpath:jdbc.properties" />
     
     <bean id="dataSource" class="org.apache.commons.dbcp.BasicDataSource" destroy-method="close">
        <property name="driverClassName" value="${driverClassName}"/>
        <property name="url" value="${url}"/>
        <property name="username" value="${username}"/>
        <property name="password" value="${password}"/>
        <property name="maxActive" value="25"/>
        <property name="maxIdle" value="5"/>
    </bean>
   
     
    <!-- 第二步：创建sqlSessionFactory。生产sqlSession  -->
    <bean id="SqlSessionFactory" class="org.mybatis.spring.SqlSessionFactoryBean">
        <!-- 数据库连接池 -->
        <property name="dataSource" ref="dataSource"/>
        <!-- 加载mybatis全局配置文件,注意这个文件的目录 -->
        <property name="configLocation" value="classpath:mybatis-config.xml" />
        
         <!-- 当mybatis的xml文件和mapper接口不在相同包下时，需要用mapperLocations属性指定xml文件的路径。  
         *是个通配符，代表所有的文件，**代表所有目录下 -->   
        <!-- <property name="mapperLocations" value="classpath:com/kkkwm/dao/*Dao.xml"/> -->
    </bean>
     
    <!-- 第三步：配置 mapper 扫描器
        * 接口类名和映射文件必须同名
        * 接口类和映射文件必须在同一个目录下
        * 映射文件namespace名字必须是接口的全类路径名
        * 接口的方法名必须和映射Statement的id一致
    -->
    <bean class="org.mybatis.spring.mapper.MapperScannerConfigurer">
        <!-- 扫描的包路径，如果需要扫描多个包，中间使用逗号分隔 -->
        <property name="basePackage" value="com.kkkwm.dao"/>
        <property name="sqlSessionFactoryBeanName" value="SqlSessionFactory"/>
        <!-- 使用这个会覆盖SqlSessionFactoryBeanName
        <property name="sqlSessionTemplateBeanName" value="SqlSessionFactory" />
         -->
        <property name="annotationClass"  value="org.springframework.stereotype.Repository" />
    </bean>
     
</beans>